-- phpMyAdmin SQL Dump
-- version 4.8.3
-- https://www.phpmyadmin.net/
--
-- Servidor: 127.0.0.1
-- Tiempo de generación: 14-11-2018 a las 04:05:58
-- Versión del servidor: 10.1.36-MariaDB
-- Versión de PHP: 7.2.10

SET SQL_MODE = "NO_AUTO_VALUE_ON_ZERO";
SET AUTOCOMMIT = 0;
START TRANSACTION;
SET time_zone = "+00:00";


/*!40101 SET @OLD_CHARACTER_SET_CLIENT=@@CHARACTER_SET_CLIENT */;
/*!40101 SET @OLD_CHARACTER_SET_RESULTS=@@CHARACTER_SET_RESULTS */;
/*!40101 SET @OLD_COLLATION_CONNECTION=@@COLLATION_CONNECTION */;
/*!40101 SET NAMES utf8mb4 */;

--
-- Base de datos: `dbventaslaravel`
--

-- --------------------------------------------------------

--
-- Estructura de tabla para la tabla `articulo`
--

CREATE TABLE `articulo` (
  `idarticulo` int(11) NOT NULL,
  `idcategoria` int(11) NOT NULL,
  `codigo` varchar(45) COLLATE utf8_spanish2_ci DEFAULT NULL,
  `nombre` varchar(100) COLLATE utf8_spanish2_ci NOT NULL,
  `stock` int(11) NOT NULL,
  `descripcion` varchar(512) COLLATE utf8_spanish2_ci DEFAULT NULL,
  `estado` varchar(20) COLLATE utf8_spanish2_ci NOT NULL
) ENGINE=InnoDB DEFAULT CHARSET=utf8 COLLATE=utf8_spanish2_ci;

--
-- Volcado de datos para la tabla `articulo`
--

INSERT INTO `articulo` (`idarticulo`, `idcategoria`, `codigo`, `nombre`, `stock`, `descripcion`, `estado`) VALUES
(1, 1, 'A001', 'Lana Amarillo', 38, 'Importada', 'Activo'),
(2, 1, 'A002', 'Lana Rojo', 14, 'Polyester 145%', 'Activo'),
(3, 4, 'A003', 'Chalis Estampado', 35, 'Estampado Floreado', 'Activo'),
(4, 1, '102', 'Lana sedal', 18, 'es una tela', 'Activo');

-- --------------------------------------------------------

--
-- Estructura de tabla para la tabla `categoria`
--

CREATE TABLE `categoria` (
  `idcategoria` int(11) NOT NULL,
  `nombre` varchar(45) COLLATE utf8_spanish2_ci NOT NULL,
  `descripcion` varchar(256) COLLATE utf8_spanish2_ci DEFAULT NULL,
  `condicion` tinyint(4) DEFAULT NULL
) ENGINE=InnoDB DEFAULT CHARSET=utf8 COLLATE=utf8_spanish2_ci;

--
-- Volcado de datos para la tabla `categoria`
--

INSERT INTO `categoria` (`idcategoria`, `nombre`, `descripcion`, `condicion`) VALUES
(1, 'Algodon', 'Algodon 100', 1),
(2, 'Jean', 'Jean Fresh', 1),
(3, 'Taslan', 'Taslan 100 Polyester', 1),
(4, 'Hilo', 'Hilos Finos', 1),
(6, 'Polar', 'Polar Polyester', 1),
(7, 'Franela', 'Algodon 150Polyester', 0),
(8, 'Jersey', 'Jersey 250 Polyester', 0),
(9, 'Lana', 'Algodon 52%', 0),
(10, 'Piel Durazno', 'Piel Crudo', 1),
(11, 'Lana', 'Alpaca2', 1),
(12, 'asdsad', 'asdsad', 0);

-- --------------------------------------------------------

--
-- Estructura de tabla para la tabla `detalleventa`
--

CREATE TABLE `detalleventa` (
  `iddetalleVenta` int(11) NOT NULL,
  `idventa` int(11) NOT NULL,
  `idarticulo` int(11) NOT NULL,
  `cantidad` int(11) NOT NULL,
  `descuento` int(11) NOT NULL,
  `precio_venta` decimal(11,2) NOT NULL
) ENGINE=InnoDB DEFAULT CHARSET=utf8 COLLATE=utf8_spanish2_ci;

--
-- Volcado de datos para la tabla `detalleventa`
--

INSERT INTO `detalleventa` (`iddetalleVenta`, `idventa`, `idarticulo`, `cantidad`, `descuento`, `precio_venta`) VALUES
(2, 2, 1, 10, 2, '2.50'),
(3, 3, 1, 2, 1, '2.50'),
(4, 3, 4, 2, 0, '8.00'),
(5, 3, 3, 3, 0, '10.00');

--
-- Disparadores `detalleventa`
--
DELIMITER $$
CREATE TRIGGER `tr_updStockVenta` AFTER INSERT ON `detalleventa` FOR EACH ROW BEGIN
	UPDATE articulo SET stock = stock - NEW.cantidad
    WHERE articulo.idarticulo = NEW.idarticulo;
END
$$
DELIMITER ;

-- --------------------------------------------------------

--
-- Estructura de tabla para la tabla `detalle_ingreso`
--

CREATE TABLE `detalle_ingreso` (
  `iddetalle_ingreso` int(11) NOT NULL,
  `idingreso` int(11) NOT NULL,
  `idarticulo` int(11) NOT NULL,
  `cantidad` int(11) NOT NULL,
  `precio_compra` decimal(11,2) NOT NULL,
  `precio_venta` decimal(11,2) NOT NULL
) ENGINE=InnoDB DEFAULT CHARSET=utf8 COLLATE=utf8_spanish2_ci;

--
-- Volcado de datos para la tabla `detalle_ingreso`
--

INSERT INTO `detalle_ingreso` (`iddetalle_ingreso`, `idingreso`, `idarticulo`, `cantidad`, `precio_compra`, `precio_venta`) VALUES
(1, 1, 1, 10, '2.00', '2.50'),
(2, 1, 2, 20, '3.00', '4.00'),
(3, 1, 3, 30, '5.00', '10.00'),
(4, 1, 4, 40, '6.00', '8.00');

-- --------------------------------------------------------

--
-- Estructura de tabla para la tabla `ingreso`
--

CREATE TABLE `ingreso` (
  `idingreso` int(11) NOT NULL,
  `idproveedor` int(11) NOT NULL,
  `tipo_comprobante` varchar(20) COLLATE utf8_spanish2_ci NOT NULL,
  `num_comprobante` varchar(10) COLLATE utf8_spanish2_ci NOT NULL,
  `fecha_hora` datetime NOT NULL,
  `impuesto` decimal(4,2) NOT NULL,
  `estado` varchar(20) COLLATE utf8_spanish2_ci NOT NULL
) ENGINE=InnoDB DEFAULT CHARSET=utf8 COLLATE=utf8_spanish2_ci;

--
-- Volcado de datos para la tabla `ingreso`
--

INSERT INTO `ingreso` (`idingreso`, `idproveedor`, `tipo_comprobante`, `num_comprobante`, `fecha_hora`, `impuesto`, `estado`) VALUES
(1, 3, 'Boleta', '1', '2018-11-13 20:22:53', '18.00', 'A');

-- --------------------------------------------------------

--
-- Estructura de tabla para la tabla `migrations`
--

CREATE TABLE `migrations` (
  `migration` varchar(255) COLLATE utf8_unicode_ci NOT NULL,
  `batch` int(11) NOT NULL
) ENGINE=InnoDB DEFAULT CHARSET=utf8 COLLATE=utf8_unicode_ci;

--
-- Volcado de datos para la tabla `migrations`
--

INSERT INTO `migrations` (`migration`, `batch`) VALUES
('2014_10_12_000000_create_users_table', 1),
('2014_10_12_100000_create_password_resets_table', 1);

-- --------------------------------------------------------

--
-- Estructura de tabla para la tabla `password_resets`
--

CREATE TABLE `password_resets` (
  `email` varchar(255) COLLATE utf8_unicode_ci NOT NULL,
  `token` varchar(255) COLLATE utf8_unicode_ci NOT NULL,
  `created_at` timestamp NOT NULL DEFAULT CURRENT_TIMESTAMP ON UPDATE CURRENT_TIMESTAMP
) ENGINE=InnoDB DEFAULT CHARSET=utf8 COLLATE=utf8_unicode_ci;

-- --------------------------------------------------------

--
-- Estructura de tabla para la tabla `persona`
--

CREATE TABLE `persona` (
  `idpersona` int(11) NOT NULL,
  `tipo_persona` varchar(20) COLLATE utf8_spanish2_ci NOT NULL,
  `nombre` varchar(100) COLLATE utf8_spanish2_ci DEFAULT NULL,
  `tipo_documento` varchar(20) COLLATE utf8_spanish2_ci DEFAULT NULL,
  `num_documento` varchar(11) COLLATE utf8_spanish2_ci DEFAULT NULL,
  `direccion` varchar(70) COLLATE utf8_spanish2_ci DEFAULT NULL,
  `telefono` varchar(15) COLLATE utf8_spanish2_ci DEFAULT NULL,
  `email` varchar(45) COLLATE utf8_spanish2_ci DEFAULT NULL
) ENGINE=InnoDB DEFAULT CHARSET=utf8 COLLATE=utf8_spanish2_ci;

--
-- Volcado de datos para la tabla `persona`
--

INSERT INTO `persona` (`idpersona`, `tipo_persona`, `nombre`, `tipo_documento`, `num_documento`, `direccion`, `telefono`, `email`) VALUES
(1, 'Inactivo', 'Erika', 'RUC', '10764334855', 'Agustino', '940740870', 'uruchi.erika@gmail.com'),
(2, 'Inactivo', 'asas', 'DNI', '34343432', 'lima', '', ''),
(3, 'Proveedor', 'telas SA', 'DNI', '43432343', 'lima', '', ''),
(4, 'Cliente', 'Juan Manuel', 'DNI', '47892044', 'Lima', '987876765', 'juan@gmail.com');

-- --------------------------------------------------------

--
-- Estructura de tabla para la tabla `users`
--

CREATE TABLE `users` (
  `id` int(10) UNSIGNED NOT NULL,
  `name` varchar(255) COLLATE utf8_unicode_ci NOT NULL,
  `email` varchar(255) COLLATE utf8_unicode_ci NOT NULL,
  `password` varchar(255) COLLATE utf8_unicode_ci NOT NULL,
  `remember_token` varchar(100) COLLATE utf8_unicode_ci DEFAULT NULL,
  `created_at` timestamp NULL DEFAULT NULL,
  `updated_at` timestamp NULL DEFAULT NULL
) ENGINE=InnoDB DEFAULT CHARSET=utf8 COLLATE=utf8_unicode_ci;

--
-- Volcado de datos para la tabla `users`
--

INSERT INTO `users` (`id`, `name`, `email`, `password`, `remember_token`, `created_at`, `updated_at`) VALUES
(1, 'Erika', 'erika@hotmail.com', '$2y$10$ymZEf8CqIeKmV0FDA0zVYOr/udwGqCJN8tSR.u97ts30kqVH5v7SG', '4kRljU0d1M4IbPUMVB02KnClxh0wrcHEmJVt0pKda4kuKcexsiiQsJVem1pT', '2018-10-09 04:19:24', '2018-11-14 01:49:26');

-- --------------------------------------------------------

--
-- Estructura de tabla para la tabla `venta`
--

CREATE TABLE `venta` (
  `idventa` int(11) NOT NULL,
  `idcliente` int(11) NOT NULL,
  `tipo_comprobante` varchar(20) COLLATE utf8_spanish2_ci DEFAULT NULL,
  `num_comprobante` varchar(10) COLLATE utf8_spanish2_ci DEFAULT NULL,
  `fecha_hora` datetime DEFAULT NULL,
  `impuesto` decimal(4,2) DEFAULT NULL,
  `total_venta` decimal(11,2) DEFAULT NULL,
  `estado` varchar(20) COLLATE utf8_spanish2_ci DEFAULT NULL
) ENGINE=InnoDB DEFAULT CHARSET=utf8 COLLATE=utf8_spanish2_ci;

--
-- Volcado de datos para la tabla `venta`
--

INSERT INTO `venta` (`idventa`, `idcliente`, `tipo_comprobante`, `num_comprobante`, `fecha_hora`, `impuesto`, `total_venta`, `estado`) VALUES
(2, 4, 'Boleta', '1', '2018-11-13 21:46:51', '18.00', '23.00', 'A'),
(3, 4, 'Boleta', '2', '2018-11-13 21:48:46', '18.00', '50.00', 'A');

--
-- Índices para tablas volcadas
--

--
-- Indices de la tabla `articulo`
--
ALTER TABLE `articulo`
  ADD PRIMARY KEY (`idarticulo`),
  ADD KEY `fk_articulo_categoria_idx` (`idcategoria`);

--
-- Indices de la tabla `categoria`
--
ALTER TABLE `categoria`
  ADD PRIMARY KEY (`idcategoria`);

--
-- Indices de la tabla `detalleventa`
--
ALTER TABLE `detalleventa`
  ADD PRIMARY KEY (`iddetalleVenta`),
  ADD KEY `fk_detalle_venta_articulo_idx` (`idarticulo`),
  ADD KEY `fk_detalle_venta_idx` (`idventa`);

--
-- Indices de la tabla `detalle_ingreso`
--
ALTER TABLE `detalle_ingreso`
  ADD PRIMARY KEY (`iddetalle_ingreso`),
  ADD KEY `fk_detalle_ingreso_idx` (`idingreso`),
  ADD KEY `fk_detalle_ingreso_articulo_idx` (`idarticulo`);

--
-- Indices de la tabla `ingreso`
--
ALTER TABLE `ingreso`
  ADD PRIMARY KEY (`idingreso`),
  ADD KEY `fk_ingreso_persona_idx` (`idproveedor`);

--
-- Indices de la tabla `password_resets`
--
ALTER TABLE `password_resets`
  ADD KEY `password_resets_email_index` (`email`),
  ADD KEY `password_resets_token_index` (`token`);

--
-- Indices de la tabla `persona`
--
ALTER TABLE `persona`
  ADD PRIMARY KEY (`idpersona`);

--
-- Indices de la tabla `users`
--
ALTER TABLE `users`
  ADD PRIMARY KEY (`id`),
  ADD UNIQUE KEY `users_email_unique` (`email`);

--
-- Indices de la tabla `venta`
--
ALTER TABLE `venta`
  ADD PRIMARY KEY (`idventa`),
  ADD KEY `fk_venta_cliente_idx` (`idcliente`);

--
-- AUTO_INCREMENT de las tablas volcadas
--

--
-- AUTO_INCREMENT de la tabla `articulo`
--
ALTER TABLE `articulo`
  MODIFY `idarticulo` int(11) NOT NULL AUTO_INCREMENT, AUTO_INCREMENT=5;

--
-- AUTO_INCREMENT de la tabla `categoria`
--
ALTER TABLE `categoria`
  MODIFY `idcategoria` int(11) NOT NULL AUTO_INCREMENT, AUTO_INCREMENT=13;

--
-- AUTO_INCREMENT de la tabla `detalleventa`
--
ALTER TABLE `detalleventa`
  MODIFY `iddetalleVenta` int(11) NOT NULL AUTO_INCREMENT, AUTO_INCREMENT=6;

--
-- AUTO_INCREMENT de la tabla `detalle_ingreso`
--
ALTER TABLE `detalle_ingreso`
  MODIFY `iddetalle_ingreso` int(11) NOT NULL AUTO_INCREMENT, AUTO_INCREMENT=5;

--
-- AUTO_INCREMENT de la tabla `ingreso`
--
ALTER TABLE `ingreso`
  MODIFY `idingreso` int(11) NOT NULL AUTO_INCREMENT, AUTO_INCREMENT=2;

--
-- AUTO_INCREMENT de la tabla `persona`
--
ALTER TABLE `persona`
  MODIFY `idpersona` int(11) NOT NULL AUTO_INCREMENT, AUTO_INCREMENT=5;

--
-- AUTO_INCREMENT de la tabla `users`
--
ALTER TABLE `users`
  MODIFY `id` int(10) UNSIGNED NOT NULL AUTO_INCREMENT, AUTO_INCREMENT=2;

--
-- AUTO_INCREMENT de la tabla `venta`
--
ALTER TABLE `venta`
  MODIFY `idventa` int(11) NOT NULL AUTO_INCREMENT, AUTO_INCREMENT=4;

--
-- Restricciones para tablas volcadas
--

--
-- Filtros para la tabla `articulo`
--
ALTER TABLE `articulo`
  ADD CONSTRAINT `fk_articulo_Categoria` FOREIGN KEY (`idcategoria`) REFERENCES `categoria` (`idcategoria`) ON DELETE NO ACTION ON UPDATE NO ACTION;

--
-- Filtros para la tabla `detalleventa`
--
ALTER TABLE `detalleventa`
  ADD CONSTRAINT `fk_detalle_venta_articulo` FOREIGN KEY (`idarticulo`) REFERENCES `articulo` (`idarticulo`) ON DELETE NO ACTION ON UPDATE NO ACTION,
  ADD CONSTRAINT `fk_detalle_venta_venta` FOREIGN KEY (`idventa`) REFERENCES `venta` (`idventa`) ON DELETE NO ACTION ON UPDATE NO ACTION;

--
-- Filtros para la tabla `detalle_ingreso`
--
ALTER TABLE `detalle_ingreso`
  ADD CONSTRAINT `fk_detalle_ingreso_articulo` FOREIGN KEY (`idarticulo`) REFERENCES `articulo` (`idarticulo`) ON DELETE NO ACTION ON UPDATE NO ACTION,
  ADD CONSTRAINT `fk_detalle_ingreso_ingreso` FOREIGN KEY (`idingreso`) REFERENCES `ingreso` (`idingreso`) ON DELETE NO ACTION ON UPDATE NO ACTION;

--
-- Filtros para la tabla `ingreso`
--
ALTER TABLE `ingreso`
  ADD CONSTRAINT `fk_ingreso_persona` FOREIGN KEY (`idproveedor`) REFERENCES `persona` (`idpersona`) ON DELETE NO ACTION ON UPDATE NO ACTION;

--
-- Filtros para la tabla `venta`
--
ALTER TABLE `venta`
  ADD CONSTRAINT `fk_venta_cliente` FOREIGN KEY (`idcliente`) REFERENCES `persona` (`idpersona`) ON DELETE NO ACTION ON UPDATE NO ACTION;
COMMIT;

/*!40101 SET CHARACTER_SET_CLIENT=@OLD_CHARACTER_SET_CLIENT */;
/*!40101 SET CHARACTER_SET_RESULTS=@OLD_CHARACTER_SET_RESULTS */;
/*!40101 SET COLLATION_CONNECTION=@OLD_COLLATION_CONNECTION */;
